InfrastructureID,parallel_street
CON-VSMPE-1,d'Outremont
CON-VSMPE-2,d'Outremont
CON-VSMPE-3,de l'Epée
CON-VSMPE-4,51e
CON-VSMPE-5,9e
CON-VSMPE-6,2e
CON-VSMPE-7,Casgrain
CON-VSMPE-8,Chambord
CON-VSMPE-9,de Chateaubriand
CON-VSMPE-10,Henri-Julien
CON-TR-1,Saint-Louis
CON-TR-2,Saint-Louis
CON-TR-3,Dumoulin
CON-TR-4,Gingras
CON-TR-5,Cloutier
CON-TR-6,Jutras
CON-TR-7,Jutras
CON-TR-8,Honoré Mercier
CON-TR-9,Montcalm
CON-TR-10,Ste Angèle
CON-TR-11,Ste Angèle
CON-TR-12,Williams
CON-TR-13,Amherst
RV-VSMPE-1,de l'Epée
RV-VSMPE-2,Durocher
RV-VSMPE-3,de l'Epée
RV-VSMPE-4,Stuart
RV-VSMPE-5,Hutchison
RV-VSMPE-6,de l'Epée
RV-VSMPE-7,d'Outremont
RV-VSMPE-8,Durocher
RV-VSMPE-9,Bloomfield
RV-VSMPE-10,Durocher
RV-VSMPE-11,2e
RV-VSMPE-12,Louis-Hébert
RV-VSMPE-13,13e
RV-VSMPE-14,1re
RV-VSMPE-15,6e
RV-VSMPE-16,9e
RV-VSMPE-17,2e
RV-VSMPE-18,47e
RV-VSMPE-19,Bressani
RV-VSMPE-20,48e
RV-VSMPE-21,44e
RV-VSMPE-22,des Belges
RV-VSMPE-23,Drolet
RV-VSMPE-24,Papineau
RV-VSMPE-25,St Andre
RV-VSMPE-26,Boyer
RV-VSMPE-27,Saint Dominique
RV-VSMPE-28,Drolet
RV-VSMPE-29,de Lorimier
RV-VSMPE-30,St Andre
RV-VSMPE-31,de Chateaubriand
RV-VSMPE-32,de Normanville
RV-VSMPE-33,Drolet
RV-VSMPE-34,Casgrain
RV-VSMPE-35,de Gaspé
RV-VSMPE-36,de Gaspé
RV-VSMPE-37,Casgrain
RV-VSMPE-38,Chabot
RV-VSMPE-39,Henri-Julien
RV-VSMPE-40,des Belges
RV-TR-1,Avenue 4
RV-TR-2,Avenue 5
RV-TR-3,Amherst
RV-TR-4,Honoré Mercier
RV-TR-5,Brébeuf
RV-TR-6,Godbout
RV-TR-7,Godbout
RV-TR-8,Mgr Cooke
RV-TR-9,Ste Cécile
RV-TR-10,St Paul
RV-TR-11,Gingras
RV-TR-12,Williams
RV-TR-13,Wolfe
